{
  "reportId" : "recording20220311_14_15_56",
  "reportType" : "CONTROLLER_REPORTED_ERROR",
  "files" : [ {
    "path" : "summary.log",
    "size" : 2656,
    "mimeType" : "text/plain; charset=utf-8"
  }, {
    "path" : "files/realtimedata.csv",
    "size" : 3014855,
    "mimeType" : "text/csv; charset=utf-8; header=present"
  }, {
    "path" : "files/default.installation",
    "size" : 3121,
    "mimeType" : "application/x-gzip"
  }, {
    "path" : "files/polyscope.in.memory.program.urp",
    "size" : 238,
    "mimeType" : "application/x-gzip"
  }, {
    "path" : "files/urcontrol/joint_size2_G5_rev1.conf",
    "size" : 461,
    "mimeType" : "text/plain; charset=utf-8"
  }, {
    "path" : "files/urcontrol/safety.conf",
    "size" : 3582,
    "mimeType" : "text/plain; charset=utf-8"
  }, {
    "path" : "files/system.environment.txt",
    "size" : 4365,
    "mimeType" : "text/plain; charset=utf-8"
  }, {
    "path" : "files/urcontrol/joint_motor_calibration_id2.txt",
    "size" : 434,
    "mimeType" : "text/plain; charset=utf-8"
  }, {
    "path" : "files/urcontrol/joint_size4.conf",
    "size" : 425,
    "mimeType" : "text/plain; charset=utf-8"
  }, {
    "path" : "files/urcontrol/joint_null.conf",
    "size" : 436,
    "mimeType" : "text/plain; charset=utf-8"
  }, {
    "path" : "files/kern.log",
    "size" : 966248,
    "mimeType" : "text/plain; charset=utf-8"
  }, {
    "path" : "files/urcontrol/joint_motor_calibration_id1.txt",
    "size" : 434,
    "mimeType" : "text/plain; charset=utf-8"
  }, {
    "path" : "files/urcontrol/calibration_trajectory_level0_UR5G5.v1.ct",
    "size" : 2412,
    "mimeType" : "text/plain; charset=utf-8"
  }, {
    "path" : "files/urcontrol/server.conf",
    "size" : 44,
    "mimeType" : "text/plain; charset=utf-8"
  }, {
    "path" : "files/urcontrol/calibration.conf",
    "size" : 1042,
    "mimeType" : "text/plain; charset=utf-8"
  }, {
    "path" : "files/urcontrol/joint_size1.conf",
    "size" : 407,
    "mimeType" : "text/plain; charset=utf-8"
  }, {
    "path" : "files/urcontrol/urcontrol.conf.UR3",
    "size" : 1458,
    "mimeType" : "text/plain; charset=utf-8"
  }, {
    "path" : "files/urcontrol/ftsensor.conf",
    "size" : 1163,
    "mimeType" : "text/plain; charset=utf-8"
  }, {
    "path" : "files/urcontrol/joint_size2.conf",
    "size" : 405,
    "mimeType" : "text/plain; charset=utf-8"
  }, {
    "path" : "files/urcontrol/urcontrol.conf.UR5_DC",
    "size" : 1490,
    "mimeType" : "text/plain; charset=utf-8"
  }, {
    "path" : "files/urcontrol/joint_size0.conf",
    "size" : 390,
    "mimeType" : "text/plain; charset=utf-8"
  }, {
    "path" : "files/ps",
    "size" : 24131,
    "mimeType" : "text/plain; charset=utf-8"
  }, {
    "path" : "files/urcontrol/calibration_trajectory_level0_UR3G5.v1.ct",
    "size" : 2609,
    "mimeType" : "text/plain; charset=utf-8"
  }, {
    "path" : "files/urcontrol/joint_size4_G5_rev1.conf",
    "size" : 515,
    "mimeType" : "text/plain; charset=utf-8"
  }, {
    "path" : "files/critical",
    "size" : 27895,
    "mimeType" : "text/plain; charset=utf-8"
  }, {
    "path" : "files/urcontrol/joint_size1_G5_rev1.conf",
    "size" : 460,
    "mimeType" : "text/plain; charset=utf-8"
  }, {
    "path" : "files/urcontrol/calibration_trajectory_level1_UR5G5.v1.ct",
    "size" : 34797,
    "mimeType" : "text/plain; charset=utf-8"
  }, {
    "path" : "files/urcontrol/calibration_trajectory_level1_UR10G5.v1.ct",
    "size" : 26751,
    "mimeType" : "text/plain; charset=utf-8"
  }, {
    "path" : "files/urcontrol/calibration_trajectory_level1_UR3G5.v1.ct",
    "size" : 31726,
    "mimeType" : "text/plain; charset=utf-8"
  }, {
    "path" : "files/polyscope.threads.txt",
    "size" : 2564,
    "mimeType" : "text/plain; charset=utf-8"
  }, {
    "path" : "files/urcontrol/joint_motor_calibration_id0.txt",
    "size" : 434,
    "mimeType" : "text/plain; charset=utf-8"
  }, {
    "path" : "files/urcontrol/urcontrol.conf.UR10_DC",
    "size" : 1742,
    "mimeType" : "text/plain; charset=utf-8"
  }, {
    "path" : "files/program_execution.txt",
    "size" : 33,
    "mimeType" : "text/plain; charset=utf-8"
  }, {
    "path" : "files/urcontrol/urcontrol.conf.UR16",
    "size" : 1738,
    "mimeType" : "text/plain; charset=utf-8"
  }, {
    "path" : "files/urcontrol/urcontrol.conf.UR16_DC",
    "size" : 1740,
    "mimeType" : "text/plain; charset=utf-8"
  }, {
    "path" : "files/urcontrol/calibration_trajectory_level0_UR16G5.v1.ct",
    "size" : 2398,
    "mimeType" : "text/plain; charset=utf-8"
  }, {
    "path" : "files/urcontrol/calibration_trajectory_level1_UR16G5.v1.ct",
    "size" : 29829,
    "mimeType" : "text/plain; charset=utf-8"
  }, {
    "path" : "files/urcontrol/urcontrol.conf.UR5.dpkg-old",
    "size" : 1818,
    "mimeType" : "text/plain; charset=utf-8"
  }, {
    "path" : "files/urcontrol/URControl.log.0",
    "size" : 10389,
    "mimeType" : "text/plain; charset=utf-8"
  }, {
    "path" : "files/polyscope.log",
    "size" : 1038654,
    "mimeType" : "text/plain; charset=utf-8"
  }, {
    "path" : "files/urcontrol/urcontrol.conf.UR5",
    "size" : 1502,
    "mimeType" : "text/plain; charset=utf-8"
  }, {
    "path" : "files/urcontrol/calibration_trajectory_level0_UR10G5.v1.ct",
    "size" : 4626,
    "mimeType" : "text/plain; charset=utf-8"
  }, {
    "path" : "files/urcontrol/joint_motor_calibration_id3.txt",
    "size" : 434,
    "mimeType" : "text/plain; charset=utf-8"
  }, {
    "path" : "files/log_history.txt",
    "size" : 1048500,
    "mimeType" : "text/plain; charset=utf-8"
  }, {
    "path" : "files/urcontrol/joint_motor_calibration_id5.txt",
    "size" : 434,
    "mimeType" : "text/plain; charset=utf-8"
  }, {
    "path" : "files/urcontrol/urcontrol.conf",
    "size" : 1502,
    "mimeType" : "text/plain; charset=utf-8"
  }, {
    "path" : "files/interpreter/interpreter.log",
    "size" : 0,
    "mimeType" : "text/plain; charset=utf-8"
  }, {
    "path" : "files/urcontrol/joint_size3.conf",
    "size" : 417,
    "mimeType" : "text/plain; charset=utf-8"
  }, {
    "path" : "files/global_variables.csv",
    "size" : 0,
    "mimeType" : "text/csv; charset=utf-8"
  }, {
    "path" : "files/df",
    "size" : 554,
    "mimeType" : "text/plain; charset=utf-8"
  }, {
    "path" : "files/urcontrol/joint_info.txt",
    "size" : 1050,
    "mimeType" : "text/plain; charset=utf-8"
  }, {
    "path" : "files/urcontrol/urcontrol.conf.UR10",
    "size" : 1740,
    "mimeType" : "text/plain; charset=utf-8"
  }, {
    "path" : "files/urcontrol/joint_size3_G5_rev1.conf",
    "size" : 506,
    "mimeType" : "text/plain; charset=utf-8"
  }, {
    "path" : "files/interpreter/interpreter.0.log",
    "size" : 64,
    "mimeType" : "text/plain; charset=utf-8"
  }, {
    "path" : "files/urcontrol/joint_motor_calibration_id4.txt",
    "size" : 434,
    "mimeType" : "text/plain; charset=utf-8"
  }, {
    "path" : "files/urcontrol/joint_size0_G5_rev1.conf",
    "size" : 471,
    "mimeType" : "text/plain; charset=utf-8"
  }, {
    "path" : "files/Xorg.0.log",
    "size" : 20686,
    "mimeType" : "text/plain; charset=utf-8"
  }, {
    "path" : "files/default.variables",
    "size" : 32,
    "mimeType" : "text/plain; charset=utf-8"
  }, {
    "path" : "files/urcontrol/robot_calibration_summary.txt",
    "size" : 5070,
    "mimeType" : "text/plain; charset=utf-8"
  }, {
    "path" : "files/urcontrol/urcontrol.conf.UR3_DC",
    "size" : 1461,
    "mimeType" : "text/plain; charset=utf-8"
  }, {
    "path" : "files/urcontrol/.tcp.conf",
    "size" : 11,
    "mimeType" : "text/plain; charset=utf-8"
  }, {
    "path" : "files/histogram.properties",
    "size" : 2618,
    "mimeType" : "text/plain; charset=utf-8"
  }, {
    "path" : "files/urcontrol/.last_seen_joint_positions.conf",
    "size" : 278,
    "mimeType" : "text/plain; charset=utf-8"
  } ]
}